session_id,subject_id,is_behavior_pass,session_type
620263_2022-07-26,620263,true,templeton
620263_2022-07-26,620263,false,templeton
620263_2022-07-27,620263,true,templeton
620263_2022-07-27,620263,false,templeton
620264_2022-08-02,620264,true,templeton
620264_2022-08-02,620264,false,templeton
626791_2022-08-15,626791,true,brainwide
626791_2022-08-15,626791,false,brainwide
626791_2022-08-17,626791,false,brainwide
628801_2022-09-19,628801,true,templeton
628801_2022-09-19,628801,false,templeton
636397_2022-09-26,636397,true,templeton
636397_2022-09-26,636397,false,templeton
636397_2022-09-27,636397,true,templeton
636397_2022-09-27,636397,false,templeton
644547_2022-12-05,644547,true,templeton
644547_2022-12-05,644547,false,templeton
644547_2022-12-06,644547,true,templeton
644547_2022-12-06,644547,false,templeton
644864_2023-01-30,644864,true,brainwide
644864_2023-01-30,644864,false,brainwide
644864_2023-01-31,644864,true,brainwide
644864_2023-01-31,644864,false,brainwide
644864_2023-02-02,644864,true,brainwide
644864_2023-02-02,644864,false,brainwide
644866_2023-02-07,644866,true,brainwide
644866_2023-02-07,644866,false,brainwide
644866_2023-02-08,644866,true,brainwide
644866_2023-02-08,644866,false,brainwide
644866_2023-02-09,644866,true,brainwide
644866_2023-02-09,644866,false,brainwide
644866_2023-02-10,644866,true,brainwide
644866_2023-02-10,644866,false,brainwide
644867_2023-02-20,644867,true,brainwide
644867_2023-02-20,644867,false,brainwide
644867_2023-02-22,644867,true,brainwide
644867_2023-02-22,644867,false,brainwide
644867_2023-02-23,644867,true,brainwide
644867_2023-02-23,644867,false,brainwide
646318_2023-01-17,646318,true,templeton
646318_2023-01-17,646318,false,templeton
646318_2023-01-18,646318,true,templeton
646318_2023-01-18,646318,false,templeton
649943_2023-02-13,649943,true,brainwide
649943_2023-02-13,649943,false,brainwide
649943_2023-02-14,649943,true,brainwide
649943_2023-02-14,649943,false,brainwide
649943_2023-02-15,649943,true,brainwide
649943_2023-02-15,649943,false,brainwide
649943_2023-02-16,649943,true,brainwide
649943_2023-02-16,649943,false,brainwide
649944_2023-02-27,649944,true,templeton
649944_2023-02-27,649944,false,templeton
649944_2023-02-28,649944,true,templeton
649944_2023-02-28,649944,false,templeton
660023_2023-08-09,660023,true,brainwide
660023_2023-08-09,660023,false,brainwide
662892_2023-08-21,662892,false,brainwide
662892_2023-08-22,662892,true,brainwide
662892_2023-08-22,662892,false,brainwide
662892_2023-08-23,662892,true,brainwide
662892_2023-08-23,662892,false,brainwide
662892_2023-08-24,662892,true,brainwide
662892_2023-08-24,662892,false,brainwide
662983_2023-05-15,662983,true,templeton
662983_2023-05-15,662983,false,templeton
662983_2023-05-16,662983,true,templeton
662983_2023-05-16,662983,false,templeton
664851_2023-11-13,664851,true,brainwide
664851_2023-11-13,664851,false,brainwide
664851_2023-11-14,664851,false,brainwide
664851_2023-11-15,664851,true,brainwide
664851_2023-11-15,664851,false,brainwide
664851_2023-11-16,664851,true,brainwide
664851_2023-11-16,664851,false,brainwide
666986_2023-08-15,666986,true,brainwide
666986_2023-08-15,666986,false,brainwide
666986_2023-08-17,666986,true,brainwide
666986_2023-08-17,666986,false,brainwide
667252_2023-09-25,667252,true,brainwide
667252_2023-09-25,667252,false,brainwide
667252_2023-09-26,667252,true,brainwide
667252_2023-09-26,667252,false,brainwide
667252_2023-09-28,667252,true,brainwide
667252_2023-09-28,667252,false,brainwide
668755_2023-08-28,668755,true,brainwide
668755_2023-08-28,668755,false,brainwide
668755_2023-08-29,668755,false,brainwide
668755_2023-08-30,668755,false,brainwide
668755_2023-08-31,668755,true,brainwide
668755_2023-08-31,668755,false,brainwide
668759_2023-07-11,668759,true,templeton
668759_2023-07-11,668759,false,templeton
668759_2023-07-12,668759,true,templeton
668759_2023-07-12,668759,false,templeton
668759_2023-07-13,668759,true,templeton
668759_2023-07-13,668759,false,templeton
670180_2023-07-26,670180,true,templeton
670180_2023-07-26,670180,false,templeton
670180_2023-07-27,670180,true,templeton
670180_2023-07-27,670180,false,templeton
670248_2023-08-01,670248,true,templeton
670248_2023-08-01,670248,false,templeton
681532_2023-10-16,681532,true,brainwide
681532_2023-10-16,681532,false,brainwide
681532_2023-10-17,681532,false,brainwide
681532_2023-10-18,681532,true,brainwide
681532_2023-10-18,681532,false,brainwide
686176_2023-12-04,686176,true,brainwide
686176_2023-12-04,686176,false,brainwide
686176_2023-12-05,686176,false,brainwide
686176_2023-12-07,686176,true,brainwide
686176_2023-12-07,686176,false,brainwide
686740_2023-10-23,686740,false,brainwide
686740_2023-10-24,686740,true,brainwide
686740_2023-10-24,686740,false,brainwide
686740_2023-10-25,686740,true,brainwide
686740_2023-10-25,686740,false,brainwide
686740_2023-10-26,686740,true,brainwide
686740_2023-10-26,686740,false,brainwide
690706_2023-11-27,690706,false,brainwide
690706_2023-11-28,690706,true,brainwide
690706_2023-11-28,690706,false,brainwide
690706_2023-11-29,690706,false,brainwide
690706_2023-11-30,690706,true,brainwide
690706_2023-11-30,690706,false,brainwide
699847_2024-04-16,699847,false,brainwide
702131_2024-02-26,702131,true,brainwide
702131_2024-02-26,702131,false,brainwide
702136_2024-03-04,702136,false,brainwide
702136_2024-03-07,702136,false,brainwide
703333_2024-04-08,703333,false,brainwide
703333_2024-04-09,703333,false,brainwide
703333_2024-04-10,703333,false,brainwide
703333_2024-04-11,703333,false,brainwide
703880_2024-04-15,703880,true,brainwide
703880_2024-04-15,703880,false,brainwide
703880_2024-04-16,703880,false,brainwide
703880_2024-04-17,703880,false,brainwide
703882_2024-04-22,703882,false,brainwide
703882_2024-04-23,703882,false,brainwide
703882_2024-04-25,703882,false,brainwide
708016_2024-04-29,708016,true,brainwide
708016_2024-04-29,708016,false,brainwide
712815_2024-05-21,712815,true,brainwide
712815_2024-05-21,712815,false,brainwide
712815_2024-05-22,712815,true,brainwide
712815_2024-05-22,712815,false,brainwide
713655_2024-08-05,713655,true,brainwide
713655_2024-08-05,713655,false,brainwide
713655_2024-08-06,713655,true,brainwide
713655_2024-08-06,713655,false,brainwide
713655_2024-08-07,713655,true,brainwide
713655_2024-08-07,713655,false,brainwide
713655_2024-08-08,713655,true,brainwide
713655_2024-08-08,713655,false,brainwide
713655_2024-08-09,713655,true,brainwide
713655_2024-08-09,713655,false,brainwide
714748_2024-06-24,714748,true,brainwide
714748_2024-06-24,714748,false,brainwide
714748_2024-06-25,714748,false,brainwide
714748_2024-06-26,714748,true,brainwide
714748_2024-06-26,714748,false,brainwide
714748_2024-06-27,714748,true,brainwide
714748_2024-06-27,714748,false,brainwide
714753_2024-07-01,714753,true,brainwide
714753_2024-07-01,714753,false,brainwide
714753_2024-07-02,714753,true,brainwide
714753_2024-07-02,714753,false,brainwide
715710_2024-07-15,715710,true,brainwide
715710_2024-07-15,715710,false,brainwide
715710_2024-07-16,715710,true,brainwide
715710_2024-07-16,715710,false,brainwide
715710_2024-07-17,715710,true,brainwide
715710_2024-07-17,715710,false,brainwide
715710_2024-07-18,715710,true,brainwide
715710_2024-07-18,715710,false,brainwide
715710_2024-07-19,715710,true,brainwide
715710_2024-07-19,715710,false,brainwide
726088_2024-06-17,726088,false,brainwide
726088_2024-06-18,726088,false,brainwide
726088_2024-06-21,726088,false,brainwide
733780_2024-08-26,733780,false,brainwide
733780_2024-08-29,733780,false,brainwide
733780_2024-08-30,733780,false,brainwide
733780_2024-09-03,733780,false,brainwide
733780_2024-09-04,733780,true,brainwide
733780_2024-09-04,733780,false,brainwide
733780_2024-09-06,733780,false,brainwide
733891_2024-09-18,733891,true,brainwide
733891_2024-09-18,733891,false,brainwide
733891_2024-09-20,733891,false,brainwide
737403_2024-09-24,737403,true,brainwide
737403_2024-09-24,737403,false,brainwide
737403_2024-09-25,737403,false,brainwide
737403_2024-09-26,737403,true,brainwide
737403_2024-09-26,737403,false,brainwide
737403_2024-09-27,737403,false,brainwide
741137_2024-10-08,741137,true,brainwide
741137_2024-10-08,741137,false,brainwide
741137_2024-10-09,741137,false,brainwide
741137_2024-10-10,741137,true,brainwide
741137_2024-10-10,741137,false,brainwide
741137_2024-10-11,741137,false,brainwide
741148_2024-10-15,741148,false,brainwide
741148_2024-10-17,741148,true,brainwide
741148_2024-10-17,741148,false,brainwide
741148_2024-10-18,741148,true,brainwide
741148_2024-10-18,741148,false,brainwide
742903_2024-10-21,742903,true,brainwide
742903_2024-10-21,742903,false,brainwide
742903_2024-10-22,742903,true,brainwide
742903_2024-10-22,742903,false,brainwide
742903_2024-10-23,742903,true,brainwide
742903_2024-10-23,742903,false,brainwide
742903_2024-10-24,742903,true,brainwide
742903_2024-10-24,742903,false,brainwide
743199_2024-12-03,743199,true,brainwide
743199_2024-12-03,743199,false,brainwide
743199_2024-12-04,743199,true,brainwide
743199_2024-12-04,743199,false,brainwide
743199_2024-12-05,743199,true,brainwide
743199_2024-12-05,743199,false,brainwide
743199_2024-12-06,743199,true,brainwide
743199_2024-12-06,743199,false,brainwide
744279_2025-01-13,744279,false,brainwide
744279_2025-01-14,744279,false,brainwide
744279_2025-01-16,744279,false,brainwide
746439_2025-01-27,746439,false,naive
746439_2025-01-28,746439,false,brainwide
746439_2025-01-29,746439,false,brainwide
746439_2025-01-30,746439,false,brainwide
746439_2025-01-31,746439,true,brainwide
746439_2025-01-31,746439,false,brainwide
750329_2024-11-25,750329,false,brainwide
750329_2024-11-26,750329,false,brainwide
750329_2024-11-27,750329,true,brainwide
750329_2024-11-27,750329,false,brainwide
759434_2025-02-03,759434,true,brainwide
759434_2025-02-03,759434,false,brainwide
759434_2025-02-04,759434,true,brainwide
759434_2025-02-04,759434,false,brainwide
759434_2025-02-05,759434,true,brainwide
759434_2025-02-05,759434,false,brainwide
759434_2025-02-06,759434,true,brainwide
759434_2025-02-06,759434,false,brainwide
759434_2025-02-07,759434,true,brainwide
759434_2025-02-07,759434,false,brainwide
761583_2024-12-16,761583,true,brainwide
761583_2024-12-16,761583,false,brainwide
795555_2025-08-21,795555,false,brainwide
795555_2025-08-22,795555,false,brainwide
795555_2025-08-25,795555,false,brainwide
795555_2025-08-26,795555,false,brainwide
796012_2025-07-10,796012,false,brainwide
796012_2025-07-11,796012,false,brainwide
796012_2025-07-14,796012,false,brainwide
796012_2025-07-15,796012,false,brainwide
796847_2025-07-29,796847,false,brainwide
796847_2025-07-30,796847,false,brainwide
796847_2025-07-31,796847,false,brainwide
796847_2025-08-01,796847,false,brainwide
798632_2025-08-29,798632,false,brainwide
798632_2025-09-02,798632,false,brainwide
798632_2025-09-03,798632,false,brainwide
798632_2025-09-04,798632,false,brainwide
807082_2025-09-29,807082,false,brainwide
807082_2025-09-30,807082,false,brainwide
807082_2025-10-01,807082,false,brainwide
807082_2025-10-02,807082,false,brainwide
810752_2025-10-07,810752,false,brainwide
810752_2025-10-08,810752,false,brainwide
810752_2025-10-09,810752,false,brainwide
810752_2025-10-10,810752,false,brainwide
814666_2025-11-06,814666,false,brainwide
814666_2025-11-07,814666,false,brainwide
814666_2025-11-10,814666,false,brainwide
814666_2025-11-11,814666,false,brainwide
831994_2025-12-15,831994,false,brainwide
831994_2025-12-16,831994,false,brainwide
831994_2025-12-17,831994,false,brainwide
831994_2025-12-18,831994,false,brainwide
