subject_id,transition,stimulus,n_sessions,n_transitions,last_before,first_after,change
741148,to_rewarded,rewarded target stim,2,10,0.3,0.4,0.10000000000000003
715710,to_rewarded,rewarded target stim,5,25,0.4,0.24,-0.16000000000000003
660023,to_rewarded,rewarded target stim,1,5,0.6,0.2,-0.39999999999999997
667252,to_rewarded,rewarded target stim,3,13,0.38461538461538464,0.38461538461538464,0.0
702131,to_rewarded,rewarded target stim,1,5,0.4,0.2,-0.2
746439,to_rewarded,rewarded target stim,1,5,0.8,0.8,0.0
737403,to_rewarded,rewarded target stim,2,10,0.2,0.3,0.09999999999999998
626791,to_rewarded,rewarded target stim,1,5,0.8,0.8,0.0
644866,to_rewarded,rewarded target stim,4,20,0.45,0.8,0.35000000000000003
686176,to_rewarded,rewarded target stim,2,10,0.7,0.8,0.10000000000000009
733780,to_rewarded,rewarded target stim,1,5,0.2,0.4,0.2
741137,to_rewarded,rewarded target stim,2,10,0.2,0.3,0.09999999999999998
649943,to_rewarded,rewarded target stim,4,20,0.45,1.0,0.55
681532,to_rewarded,rewarded target stim,2,10,0.1,0.2,0.1
644864,to_rewarded,rewarded target stim,3,15,0.4666666666666667,0.9333333333333333,0.4666666666666667
644867,to_rewarded,rewarded target stim,3,15,0.3333333333333333,0.8666666666666667,0.5333333333333334
742903,to_rewarded,rewarded target stim,4,20,0.05,0.15,0.09999999999999999
703880,to_rewarded,rewarded target stim,1,5,0.2,0.2,0.0
733891,to_rewarded,rewarded target stim,1,5,0.4,0.0,-0.4
714753,to_rewarded,rewarded target stim,2,10,0.1,0.2,0.1
712815,to_rewarded,rewarded target stim,2,10,0.5,0.9,0.4
664851,to_rewarded,rewarded target stim,3,15,0.26666666666666666,0.3333333333333333,0.06666666666666665
686740,to_rewarded,rewarded target stim,3,15,0.3333333333333333,0.3333333333333333,0.0
750329,to_rewarded,rewarded target stim,1,5,0.4,0.6,0.19999999999999996
662892,to_rewarded,rewarded target stim,3,15,0.4666666666666667,0.26666666666666666,-0.2
761583,to_rewarded,rewarded target stim,1,5,0.4,0.4,0.0
713655,to_rewarded,rewarded target stim,5,25,0.04,0.32,0.28
690706,to_rewarded,rewarded target stim,2,10,0.6,0.5,-0.09999999999999998
666986,to_rewarded,rewarded target stim,2,10,0.6,0.5,-0.09999999999999998
708016,to_rewarded,rewarded target stim,1,5,0.0,0.2,0.2
714748,to_rewarded,rewarded target stim,3,15,0.26666666666666666,0.13333333333333333,-0.13333333333333333
759434,to_rewarded,rewarded target stim,5,25,0.12,0.24,0.12
668755,to_rewarded,rewarded target stim,2,10,0.5,0.6,0.09999999999999998
743199,to_rewarded,rewarded target stim,4,20,0.4,0.55,0.15000000000000002
715710,to_unrewarded,unrewarded target stim,5,25,0.96,0.52,-0.43999999999999995
741148,to_unrewarded,unrewarded target stim,2,10,0.9,0.7,-0.20000000000000007
660023,to_unrewarded,unrewarded target stim,1,5,1.0,0.4,-0.6
667252,to_unrewarded,unrewarded target stim,3,13,1.0,0.3076923076923077,-0.6923076923076923
702131,to_unrewarded,unrewarded target stim,1,5,1.0,0.8,-0.19999999999999996
746439,to_unrewarded,unrewarded target stim,1,5,1.0,0.4,-0.6
626791,to_unrewarded,unrewarded target stim,1,5,1.0,1.0,0.0
644866,to_unrewarded,unrewarded target stim,4,20,1.0,0.75,-0.25
737403,to_unrewarded,unrewarded target stim,2,10,0.6,0.5,-0.09999999999999998
686176,to_unrewarded,unrewarded target stim,2,10,1.0,0.5,-0.5
741137,to_unrewarded,unrewarded target stim,2,10,0.7,0.1,-0.6
733780,to_unrewarded,unrewarded target stim,1,5,0.6,0.6,0.0
681532,to_unrewarded,unrewarded target stim,2,10,0.9,0.5,-0.4
649943,to_unrewarded,unrewarded target stim,4,20,1.0,0.8,-0.19999999999999996
742903,to_unrewarded,unrewarded target stim,4,20,0.9,0.35,-0.55
644864,to_unrewarded,unrewarded target stim,3,15,1.0,0.8666666666666667,-0.1333333333333333
644867,to_unrewarded,unrewarded target stim,3,15,1.0,0.5333333333333333,-0.4666666666666667
714753,to_unrewarded,unrewarded target stim,2,10,0.7,0.4,-0.29999999999999993
733891,to_unrewarded,unrewarded target stim,1,5,0.8,0.6,-0.20000000000000007
703880,to_unrewarded,unrewarded target stim,1,5,1.0,0.4,-0.6
712815,to_unrewarded,unrewarded target stim,2,10,1.0,0.7,-0.30000000000000004
761583,to_unrewarded,unrewarded target stim,1,5,1.0,0.4,-0.6
662892,to_unrewarded,unrewarded target stim,3,15,1.0,0.13333333333333333,-0.8666666666666667
750329,to_unrewarded,unrewarded target stim,1,5,1.0,0.4,-0.6
686740,to_unrewarded,unrewarded target stim,3,15,1.0,0.4666666666666667,-0.5333333333333333
664851,to_unrewarded,unrewarded target stim,3,15,1.0,0.4666666666666667,-0.5333333333333333
713655,to_unrewarded,unrewarded target stim,5,25,1.0,0.4,-0.6
690706,to_unrewarded,unrewarded target stim,2,10,1.0,0.7,-0.30000000000000004
708016,to_unrewarded,unrewarded target stim,1,5,1.0,0.6,-0.4
666986,to_unrewarded,unrewarded target stim,2,10,1.0,0.2,-0.8
714748,to_unrewarded,unrewarded target stim,3,15,0.6,0.5333333333333333,-0.06666666666666665
759434,to_unrewarded,unrewarded target stim,5,25,0.92,0.32,-0.6000000000000001
668755,to_unrewarded,unrewarded target stim,2,10,1.0,0.6,-0.4
743199,to_unrewarded,unrewarded target stim,4,20,0.95,0.35,-0.6
