subject_id,n_transitions,last_rewarded_n_responses,first_unrewarded_n_responses,last_rewarded_mean,first_unrewarded_mean,change,endpoint_score
626791,5,5,5,1.0,1.0,0.0,2.0
644864,15,15,13,1.0,0.8666666666666667,-0.1333333333333333,1.8666666666666667
649943,20,20,16,1.0,0.8,-0.19999999999999996,1.8
702131,5,5,4,1.0,0.8,-0.19999999999999996,1.8
644866,20,20,15,1.0,0.75,-0.25,1.75
690706,10,10,7,1.0,0.7,-0.30000000000000004,1.7
712815,10,10,7,1.0,0.7,-0.30000000000000004,1.7
668755,10,10,6,1.0,0.6,-0.4,1.6
741148,10,9,7,0.9,0.7,-0.20000000000000007,1.6
708016,5,5,3,1.0,0.6,-0.4,1.6
644867,15,15,8,1.0,0.5333333333333333,-0.4666666666666667,1.5333333333333332
686176,10,10,5,1.0,0.5,-0.5,1.5
715710,25,24,13,0.96,0.52,-0.43999999999999995,1.48
664851,15,15,7,1.0,0.4666666666666667,-0.5333333333333333,1.4666666666666668
686740,15,15,7,1.0,0.4666666666666667,-0.5333333333333333,1.4666666666666668
713655,25,25,10,1.0,0.4,-0.6,1.4
681532,10,9,5,0.9,0.5,-0.4,1.4
660023,5,5,2,1.0,0.4,-0.6,1.4
703880,5,5,2,1.0,0.4,-0.6,1.4
733891,5,4,3,0.8,0.6,-0.20000000000000007,1.4
746439,5,5,2,1.0,0.4,-0.6,1.4
750329,5,5,2,1.0,0.4,-0.6,1.4
761583,5,5,2,1.0,0.4,-0.6,1.4
667252,13,13,4,1.0,0.3076923076923077,-0.6923076923076923,1.3076923076923077
743199,20,19,7,0.95,0.35,-0.6,1.2999999999999998
742903,20,18,7,0.9,0.35,-0.55,1.25
759434,25,23,8,0.92,0.32,-0.6000000000000001,1.24
666986,10,10,2,1.0,0.2,-0.8,1.2
733780,5,3,3,0.6,0.6,0.0,1.2
662892,15,15,2,1.0,0.13333333333333333,-0.8666666666666667,1.1333333333333333
714748,15,9,8,0.6,0.5333333333333333,-0.06666666666666665,1.1333333333333333
714753,10,7,4,0.7,0.4,-0.29999999999999993,1.1
737403,10,6,5,0.6,0.5,-0.09999999999999998,1.1
741137,10,7,1,0.7,0.1,-0.6,0.7999999999999999
